{"cameraMode":{"drawMode":0,"name":"Shaded","section":"Shading Mode"},"sceneLighting":true,"audioPlay":false,"sceneViewState":{"showFog":true,"showMaterialUpdate":false,"showSkybox":true,"showFlares":true,"showImageEffects":true,"showParticleSystems":true},"in2DMode":false,"pivot":{"x":157.048828125,"y":279.4644775390625,"z":582.3458862304688},"rotation":{"x":0.2373303920030594,"y":0.6881526708602905,"z":-0.25691118836402895,"w":0.6357046961784363},"size":39.12263488769531,"orthographic":false}