{"cameraMode":{"drawMode":0,"name":"Shaded","section":"Shading Mode"},"sceneLighting":true,"audioPlay":false,"sceneViewState":{"m_AlwaysRefresh":false,"showFog":true,"showSkybox":true,"showFlares":true,"showImageEffects":true,"showParticleSystems":true,"showVisualEffectGraphs":true,"m_FxEnabled":true},"in2DMode":false,"pivot":{"x":114.50843811035156,"y":120.88240814208985,"z":296.2244873046875},"rotation":{"x":-0.13917002081871034,"y":-0.6419293284416199,"z":0.12000023573637009,"w":-0.7444378733634949},"size":234.63186645507813,"orthographic":false}